"Sr No.","Acz Code","Acz Name","State Name","State Lgd Code","District Lgd Code","District Name","Active Date","Inactive Date"
"1","ACZ01","Western Himalayan Region","Ladakh","37","9","Leh Ladakh","2024-06-10",
"2","ACZ01","Western Himalayan Region","Ladakh","37","6","Kargil","2024-06-10",
"3","ACZ01","Western Himalayan Region","Jammu And Kashmir","1","1","Anantnag","2024-06-10",
"4","ACZ01","Western Himalayan Region","Jammu And Kashmir","1","623","Bandipora","2024-06-10",
"5","ACZ01","Western Himalayan Region","Jammu And Kashmir","1","3","Baramulla","2024-06-10",
"6","ACZ01","Western Himalayan Region","Jammu And Kashmir","1","2","Budgam","2024-06-10",
"7","ACZ01","Western Himalayan Region","Jammu And Kashmir","1","4","Doda","2024-06-10",
"8","ACZ01","Western Himalayan Region","Jammu And Kashmir","1","626","Ganderbal","2024-06-10",
"9","ACZ01","Western Himalayan Region","Jammu And Kashmir","1","5","Jammu","2024-06-10",
"10","ACZ01","Western Himalayan Region","Jammu And Kashmir","1","7","Kathua","2024-06-10",
"11","ACZ01","Western Himalayan Region","Jammu And Kashmir","1","620","Kishtwar","2024-06-10",
"12","ACZ01","Western Himalayan Region","Jammu And Kashmir","1","622","Kulgam","2024-06-10",
"13","ACZ01","Western Himalayan Region","Jammu And Kashmir","1","8","Kupwara","2024-06-10",
"14","ACZ01","Western Himalayan Region","Jammu And Kashmir","1","10","Poonch","2024-06-10",
"15","ACZ01","Western Himalayan Region","Jammu And Kashmir","1","11","Pulwama","2024-06-10",
"16","ACZ01","Western Himalayan Region","Jammu And Kashmir","1","12","Rajouri","2024-06-10",
"17","ACZ01","Western Himalayan Region","Jammu And Kashmir","1","621","Ramban","2024-06-10",
"18","ACZ01","Western Himalayan Region","Jammu And Kashmir","1","627","Reasi","2024-06-10",
"19","ACZ01","Western Himalayan Region","Jammu And Kashmir","1","624","Samba","2024-06-10",
"20","ACZ01","Western Himalayan Region","Jammu And Kashmir","1","625","Shopian","2024-06-10",
"21","ACZ01","Western Himalayan Region","Jammu And Kashmir","1","13","Srinagar","2024-06-10",
"22","ACZ01","Western Himalayan Region","Jammu And Kashmir","1","14","Udhampur","2024-06-10",
"23","ACZ01","Western Himalayan Region","Himachal Pradesh","2","16","Chamba","2024-06-10",
"24","ACZ01","Western Himalayan Region","Himachal Pradesh","2","18","Kangra","2024-06-10",
"25","ACZ01","Western Himalayan Region","Himachal Pradesh","2","17","Hamirpur","2024-06-10",
"27","ACZ01","Western Himalayan Region","Himachal Pradesh","2","26","Una","2024-06-10",
"28","ACZ01","Western Himalayan Region","Himachal Pradesh","2","25","Solan","2024-06-10",
"29","ACZ01","Western Himalayan Region","Himachal Pradesh","2","22","Mandi","2024-06-10",
"30","ACZ01","Western Himalayan Region","Himachal Pradesh","2","24","Sirmaur","2024-06-10",
"31","ACZ01","Western Himalayan Region","Himachal Pradesh","2","23","Shimla","2024-06-10",
"32","ACZ01","Western Himalayan Region","Himachal Pradesh","2","20","Kullu","2024-06-10",
"33","ACZ01","Western Himalayan Region","Himachal Pradesh","2","19","Kinnaur","2024-06-10",
"34","ACZ01","Western Himalayan Region","Himachal Pradesh","2","21","Lahul and Spiti","2024-06-10",
"35","ACZ01","Western Himalayan Region","Uttarakhand","5","57","Uttar Kashi","2024-06-10",
"36","ACZ01","Western Himalayan Region","Uttarakhand","5","49","Dehradun","2024-06-10",
"37","ACZ01","Western Himalayan Region","Uttarakhand","5","55","Tehri Garhwhal","2024-06-10",
"38","ACZ01","Western Himalayan Region","Uttarakhand","5","52","Pauri Garwhal","2024-06-10",
"39","ACZ01","Western Himalayan Region","Uttarakhand","5","47","Chamoli","2024-06-10",
"40","ACZ01","Western Himalayan Region","Uttarakhand","5","54","Rudraprayag","2024-06-10",
"41","ACZ01","Western Himalayan Region","Uttarakhand","5","45","Almora","2024-06-10",
"42","ACZ01","Western Himalayan Region","Uttarakhand","5","46","Bageshwar","2024-06-10",
"43","ACZ01","Western Himalayan Region","Uttarakhand","5","51","Nainital","2024-06-10",
"44","ACZ01","Western Himalayan Region","Uttarakhand","5","56","Udham Singh Nagar","2024-06-10",
"45","ACZ01","Western Himalayan Region","Uttarakhand","5","53","Pithoragarh","2024-06-10",
"46","ACZ01","Western Himalayan Region","Uttarakhand","5","48","Champawat","2024-06-10",
"47","ACZ01","Western Himalayan Region","Uttarakhand","5","50","Haridwar","2024-06-10",
"48","ACZ02","Eastern Himalayan Region","Arunachal Pradesh","12","242","West Kameng","2024-06-10",
"49","ACZ02","Eastern Himalayan Region","Arunachal Pradesh","12","238","Tawang","2024-06-10",
"50","ACZ02","Eastern Himalayan Region","Arunachal Pradesh","12","231","East Kameng","2024-06-10",
"51","ACZ02","Eastern Himalayan Region","Arunachal Pradesh","12","723","Pakke Kessang","2024-06-10",
"52","ACZ02","Eastern Himalayan Region","Arunachal Pradesh","12","236","Lower Subansiri","2024-06-10",
"53","ACZ02","Eastern Himalayan Region","Arunachal Pradesh","12","718","Kamle","2024-06-10",
"54","ACZ02","Eastern Himalayan Region","Arunachal Pradesh","12","233","Kurung Kumey","2024-06-10",
"55","ACZ02","Eastern Himalayan Region","Arunachal Pradesh","12","677","Kra Daadi","2024-06-10",
"56","ACZ02","Eastern Himalayan Region","Arunachal Pradesh","12","237","Papum Pare","2024-06-10",
"57","ACZ02","Eastern Himalayan Region","Arunachal Pradesh","12","241","Upper Subansiri","2024-06-10",
"58","ACZ02","Eastern Himalayan Region","Arunachal Pradesh","12","243","West Siang","2024-06-10",
"59","ACZ02","Eastern Himalayan Region","Arunachal Pradesh","12","725","Shi Yomi","2024-06-10",
"60","ACZ02","Eastern Himalayan Region","Arunachal Pradesh","12","679","Siang","2024-06-10",
"61","ACZ02","Eastern Himalayan Region","Arunachal Pradesh","12","240","Upper Siang","2024-06-10",
"62","ACZ02","Eastern Himalayan Region","Arunachal Pradesh","12","232","East Siang","2024-06-10",
"63","ACZ02","Eastern Himalayan Region","Arunachal Pradesh","12","719","Lower Siang","2024-06-10",
"64","ACZ02","Eastern Himalayan Region","Arunachal Pradesh","12","724","Leparada","2024-06-10",
"65","ACZ02","Eastern Himalayan Region","Arunachal Pradesh","12","230","Dibang Valley","2024-06-10",
"66","ACZ02","Eastern Himalayan Region","Arunachal Pradesh","12","235","Lower Dibang Valley","2024-06-10",
"67","ACZ02","Eastern Himalayan Region","Arunachal Pradesh","12","234","Lohit","2024-06-10",
"68","ACZ02","Eastern Himalayan Region","Arunachal Pradesh","12","628","Anjaw","2024-06-10",
"69","ACZ02","Eastern Himalayan Region","Arunachal Pradesh","12","678","Namsai","2024-06-10",
"70","ACZ02","Eastern Himalayan Region","Arunachal Pradesh","12","239","Tirap","2024-06-10",
"71","ACZ02","Eastern Himalayan Region","Arunachal Pradesh","12","229","Changlang","2024-06-10",
"72","ACZ02","Eastern Himalayan Region","Arunachal Pradesh","12","666","Longding","2024-06-10",
"73","ACZ02","Eastern Himalayan Region","Manipur","14","254","Churachandpur","2024-06-10",
"74","ACZ02","Eastern Himalayan Region","Manipur","14","715","Pherzawl","2024-06-10",
"75","ACZ02","Eastern Himalayan Region","Manipur","14","253","Chandel","2024-06-10",
"76","ACZ02","Eastern Himalayan Region","Manipur","14","716","Tengnoupal","2024-06-10",
"77","ACZ02","Eastern Himalayan Region","Manipur","14","252","Bishnupur","2024-06-10",
"78","ACZ02","Eastern Himalayan Region","Manipur","14","259","Thoubal","2024-06-10",
"79","ACZ02","Eastern Himalayan Region","Manipur","14","711","Kakching","2024-06-10",
"80","ACZ02","Eastern Himalayan Region","Manipur","14","260","Ukhrul","2024-06-10",
"81","ACZ02","Eastern Himalayan Region","Manipur","14","717","Kamjong","2024-06-10",
"82","ACZ02","Eastern Himalayan Region","Manipur","14","258","Tamenglong","2024-06-10",
"83","ACZ02","Eastern Himalayan Region","Manipur","14","714","Noney","2024-06-10",
"84","ACZ02","Eastern Himalayan Region","Manipur","14","257","Senapati","2024-06-10",
"85","ACZ02","Eastern Himalayan Region","Manipur","14","712","Kangpokpi","2024-06-10",
"86","ACZ02","Eastern Himalayan Region","Manipur","14","255","Imphal East","2024-06-10",
"87","ACZ02","Eastern Himalayan Region","Manipur","14","713","Jiribam","2024-06-10",
"88","ACZ02","Eastern Himalayan Region","Manipur","14","256","Imphal West","2024-06-10",
"89","ACZ02","Eastern Himalayan Region","Meghalaya","17","278","West Garo Hills","2024-06-10",
"90","ACZ02","Eastern Himalayan Region","Meghalaya","17","273","East Garo Hills","2024-06-10",
"91","ACZ02","Eastern Himalayan Region","Meghalaya","17","277","South Garo Hills","2024-06-10",
"92","ACZ02","Eastern Himalayan Region","Meghalaya","17","663","South West Garo Hills","2024-06-10",
"93","ACZ02","Eastern Himalayan Region","Meghalaya","17","656","North Garo Hills","2024-06-10",
"94","ACZ02","Eastern Himalayan Region","Meghalaya","17","279","West Khasi Hills","2024-06-10",
"95","ACZ02","Eastern Himalayan Region","Meghalaya","17","658","South West Khasi Hills","2024-06-10",
"96","ACZ02","Eastern Himalayan Region","Meghalaya","17","740","Eastern West Khasi Hills","2024-06-10",
"97","ACZ02","Eastern Himalayan Region","Meghalaya","17","274","East Khasi Hills","2024-06-10",
"98","ACZ02","Eastern Himalayan Region","Meghalaya","17","276","Ri Bhoi","2024-06-10",
"99","ACZ02","Eastern Himalayan Region","Meghalaya","17","657","East Jaintia Hills","2024-06-10",
"100","ACZ02","Eastern Himalayan Region","Meghalaya","17","275","West Jaintia Hills","2024-06-10",
"101","ACZ02","Eastern Himalayan Region","Mizoram","15","261","Aizawl","2024-06-10",
"102","ACZ02","Eastern Himalayan Region","Mizoram","15","268","Serchhip","2024-06-10",
"103","ACZ02","Eastern Himalayan Region","Mizoram","15","266","Mamit","2024-06-10",
"104","ACZ02","Eastern Himalayan Region","Mizoram","15","263","Kolasib","2024-06-10",
"105","ACZ02","Eastern Himalayan Region","Mizoram","15","727","Saitual","2024-06-10",
"106","ACZ02","Eastern Himalayan Region","Mizoram","15","262","Champhai","2024-06-10",
"107","ACZ02","Eastern Himalayan Region","Mizoram","15","728","Khawzawl","2024-06-10",
"108","ACZ02","Eastern Himalayan Region","Mizoram","15","265","Lunglei","2024-06-10",
"109","ACZ02","Eastern Himalayan Region","Mizoram","15","267","Siaha","2024-06-10",
"110","ACZ02","Eastern Himalayan Region","Mizoram","15","264","Lawngtlai","2024-06-10",
"111","ACZ02","Eastern Himalayan Region","Mizoram","15","726","Hnahthial","2024-06-10",
"112","ACZ02","Eastern Himalayan Region","Nagaland","13","248","Phek","2024-06-10",
"113","ACZ02","Eastern Himalayan Region","Nagaland","13","249","Tuensang","2024-06-10",
"114","ACZ02","Eastern Himalayan Region","Nagaland","13","614","Kiphire","2024-06-10",
"115","ACZ02","Eastern Himalayan Region","Nagaland","13","615","Longleng","2024-06-10",
"116","ACZ02","Eastern Himalayan Region","Nagaland","13","736","Noklak","2024-06-10",
"117","ACZ02","Eastern Himalayan Region","Nagaland","13","765","Shamator","2024-06-10",
"118","ACZ02","Eastern Himalayan Region","Nagaland","13","245","Kohima","2024-06-10",
"119","ACZ02","Eastern Himalayan Region","Nagaland","13","244","Dimapur","2024-06-10",
"120","ACZ02","Eastern Himalayan Region","Nagaland","13","758","Chumoukedima","2024-06-10",
"121","ACZ02","Eastern Himalayan Region","Nagaland","13","613","Peren","2024-06-10",
"122","ACZ02","Eastern Himalayan Region","Nagaland","13","757","Tseminyu","2024-06-10",
"123","ACZ02","Eastern Himalayan Region","Nagaland","13","764","Niuland","2024-06-10",
"124","ACZ02","Eastern Himalayan Region","Nagaland","13","250","Wokha","2024-06-10",
"125","ACZ02","Eastern Himalayan Region","Nagaland","13","246","Mokokchung","2024-06-10",
"126","ACZ02","Eastern Himalayan Region","Nagaland","13","251","Zunheboto","2024-06-10",
"127","ACZ02","Eastern Himalayan Region","Nagaland","13","247","Mon","2024-06-10",
"128","ACZ02","Eastern Himalayan Region","West Bengal","19","309","Darjeeling","2024-06-10",
"129","ACZ02","Eastern Himalayan Region","West Bengal","19","702","Kalimpong","2024-06-10",
"130","ACZ02","Eastern Himalayan Region","West Bengal","19","308","Cooch Behar","2024-06-10",
"131","ACZ02","Eastern Himalayan Region","West Bengal","19","314","Jalpaiguri","2024-06-10",
"132","ACZ02","Eastern Himalayan Region","West Bengal","19","664","Alipurduar","2024-06-10",
"133","ACZ02","Eastern Himalayan Region","Tripura","16","270","North Tripura","2024-06-10",
"134","ACZ02","Eastern Himalayan Region","Tripura","16","269","Dhalai","2024-06-10",
"135","ACZ02","Eastern Himalayan Region","Tripura","16","655","Unakoti","2024-06-10",
"136","ACZ02","Eastern Himalayan Region","Tripura","16","272","West Tripura","2024-06-10",
"137","ACZ02","Eastern Himalayan Region","Tripura","16","652","Khowai","2024-06-10",
"138","ACZ02","Eastern Himalayan Region","Tripura","16","653","Sepahijala","2024-06-10",
"139","ACZ02","Eastern Himalayan Region","Tripura","16","271","South Tripura","2024-06-10",
"140","ACZ02","Eastern Himalayan Region","Tripura","16","654","Gomati","2024-06-10",
"141","ACZ02","Eastern Himalayan Region","Sikkim","11","228","Gyalshing","2024-06-10",
"142","ACZ02","Eastern Himalayan Region","Sikkim","11","742","Soreng","2024-06-10",
"143","ACZ02","Eastern Himalayan Region","Sikkim","11","226","Mangan","2024-06-10",
"144","ACZ02","Eastern Himalayan Region","Sikkim","11","225","Gangtok","2024-06-10",
"145","ACZ02","Eastern Himalayan Region","Sikkim","11","741","Pakyong","2024-06-10",
"146","ACZ02","Eastern Himalayan Region","Sikkim","11","227","Namchi","2024-06-10",
"147","ACZ02","Eastern Himalayan Region","Assam","18","287","Goalpara","2024-06-10",
"148","ACZ02","Eastern Himalayan Region","Assam","18","294","Kokrajhar","2024-06-10",
"149","ACZ02","Eastern Himalayan Region","Assam","18","281","Bongaigaon","2024-06-10",
"150","ACZ02","Eastern Himalayan Region","Assam","18","612","Chirang","2024-06-10",
"151","ACZ02","Eastern Himalayan Region","Assam","18","285","Dhubri","2024-06-10",
"152","ACZ02","Eastern Himalayan Region","Assam","18","707","South Salmara Mancachar","2024-06-10",
"153","ACZ02","Eastern Himalayan Region","Assam","18","280","Barpeta ","2024-06-10",
"154","ACZ02","Eastern Himalayan Region","Assam","18","739","Bajali","2024-06-10",
"155","ACZ02","Eastern Himalayan Region","Assam","18","616","Baksa","2024-06-10",
"156","ACZ02","Eastern Himalayan Region","Assam","18","756","Tamulpur","2024-06-10",
"157","ACZ02","Eastern Himalayan Region","Assam","18","298","Nalbari","2024-06-10",
"158","ACZ02","Eastern Himalayan Region","Assam","18","291","Kamrup","2024-06-10",
"159","ACZ02","Eastern Himalayan Region","Assam","18","618","Kamrup Metro","2024-06-10",
"160","ACZ02","Eastern Himalayan Region","Assam","18","301","Sonitpur","2024-06-10",
"161","ACZ02","Eastern Himalayan Region","Assam","18","705","Biswanath","2024-06-10",
"162","ACZ02","Eastern Himalayan Region","Assam","18","297","Nagaon ","2024-06-10",
"163","ACZ02","Eastern Himalayan Region","Assam","18","709","Hojai","2024-06-10",
"164","ACZ02","Eastern Himalayan Region","Assam","18","296","Marigaon","2024-06-10",
"165","ACZ02","Eastern Himalayan Region","Assam","18","283","Darrang","2024-06-10",
"166","ACZ02","Eastern Himalayan Region","Assam","18","617","Udalguri","2024-06-10",
"167","ACZ02","Eastern Himalayan Region","Assam","18","282","Cachar","2024-06-10",
"168","ACZ02","Eastern Himalayan Region","Assam","18","289","Hailakandi","2024-06-10",
"169","ACZ02","Eastern Himalayan Region","Assam","18","299","Dima Hasao","2024-06-10",
"170","ACZ02","Eastern Himalayan Region","Assam","18","292","Karbi-Anglong","2024-06-10",
"171","ACZ02","Eastern Himalayan Region","Assam","18","710","West Karbi Anglong","2024-06-10",
"172","ACZ02","Eastern Himalayan Region","Assam","18","293","Karimganj","2024-06-10",
"173","ACZ02","Eastern Himalayan Region","Assam","18","288","Golaghat","2024-06-10",
"174","ACZ02","Eastern Himalayan Region","Assam","18","290","Jorhat","2024-06-10",
"175","ACZ02","Eastern Himalayan Region","Assam","18","706","Majuli","2024-06-10",
"176","ACZ02","Eastern Himalayan Region","Assam","18","295","Lakhimpur","2024-06-10",
"177","ACZ02","Eastern Himalayan Region","Assam","18","300","SivaSagar","2024-06-10",
"178","ACZ02","Eastern Himalayan Region","Assam","18","708","Charaideo","2024-06-10",
"179","ACZ02","Eastern Himalayan Region","Assam","18","286","Dibrugarh","2024-06-10",
"180","ACZ02","Eastern Himalayan Region","Assam","18","284","Dhemaji","2024-06-10",
"181","ACZ02","Eastern Himalayan Region","Assam","18","302","Tinsukia","2024-06-10",
"182","ACZ03","Lower Gangetic Plains","West Bengal","19","310","Dakshin Dinajpur","2024-06-10",
"183","ACZ03","Lower Gangetic Plains","West Bengal","19","311","Uttar Dinajpur","2024-06-10",
"184","ACZ03","Lower Gangetic Plains","West Bengal","19","316","Malda","2024-06-10",
"185","ACZ03","Lower Gangetic Plains","West Bengal","19","319","Murshidabad","2024-06-10",
"186","ACZ03","Lower Gangetic Plains","West Bengal","19","307","Birbhum","2024-06-10",
"187","ACZ03","Lower Gangetic Plains","West Bengal","19","704","Paschim Bardhaman","2024-06-10",
"188","ACZ03","Lower Gangetic Plains","West Bengal","19","306","Purba Bardhaman","2024-06-10",
"189","ACZ03","Lower Gangetic Plains","West Bengal","19","305","Bankura","2024-06-10",
"190","ACZ03","Lower Gangetic Plains","West Bengal","19","320","Nadia","2024-06-10",
"191","ACZ03","Lower Gangetic Plains","West Bengal","19","317","Purba Medinipur","2024-06-10",
"192","ACZ03","Lower Gangetic Plains","West Bengal","19","318","Paschim Medinipur","2024-06-10",
"193","ACZ03","Lower Gangetic Plains","West Bengal","19","703","Jhargram","2024-06-10",
"194","ACZ03","Lower Gangetic Plains","West Bengal","19","312","Hooghly","2024-06-10",
"195","ACZ03","Lower Gangetic Plains","West Bengal","19","303","North 24 Parganas","2024-06-10",
"196","ACZ03","Lower Gangetic Plains","West Bengal","19","315","Kolkata","2024-06-10",
"197","ACZ03","Lower Gangetic Plains","West Bengal","19","321","Purulia","2024-06-10",
"198","ACZ03","Lower Gangetic Plains","West Bengal","19","304","South 24 Parganas","2024-06-10",
"199","ACZ03","Lower Gangetic Plains","West Bengal","19","313","Howrah","2024-06-10",
"200","ACZ04","Middle Gangetic Plains","Uttar Pradesh","9","125","Bahraich","2024-06-10",
"202","ACZ04","Middle Gangetic Plains","Uttar Pradesh","9","147","Gonda","2024-06-10",
"203","ACZ04","Middle Gangetic Plains","Uttar Pradesh","9","127","Balrampur","2024-06-10",
"204","ACZ04","Middle Gangetic Plains","Uttar Pradesh","9","131","Basti","2024-06-10",
"205","ACZ04","Middle Gangetic Plains","Uttar Pradesh","9","182","Siddharth Nagar","2024-06-10",
"206","ACZ04","Middle Gangetic Plains","Uttar Pradesh","9","178","Sant Kabir Nagar","2024-06-10",
"207","ACZ04","Middle Gangetic Plains","Uttar Pradesh","9","148","Gorakhpur","2024-06-10",
"208","ACZ04","Middle Gangetic Plains","Uttar Pradesh","9","164","Mahrajganj","2024-06-10",
"209","ACZ04","Middle Gangetic Plains","Uttar Pradesh","9","140","Ayodhya","2024-06-10",
"210","ACZ04","Middle Gangetic Plains","Uttar Pradesh","9","121","Ambedkar Nagar","2024-06-10",
"211","ACZ04","Middle Gangetic Plains","Uttar Pradesh","9","137","Deoria","2024-06-10",
"212","ACZ04","Middle Gangetic Plains","Uttar Pradesh","9","160","Kushinagar","2024-06-10",
"213","ACZ04","Middle Gangetic Plains","Uttar Pradesh","9","123","Azamgarh","2024-06-10",
"214","ACZ04","Middle Gangetic Plains","Uttar Pradesh","9","168","Mau","2024-06-10",
"215","ACZ04","Middle Gangetic Plains","Uttar Pradesh","9","152","Jaunpur","2024-06-10",
"216","ACZ04","Middle Gangetic Plains","Uttar Pradesh","9","187","Varanasi","2024-06-10",
"217","ACZ04","Middle Gangetic Plains","Uttar Pradesh","9","179","Bhadohi","2024-06-10",
"218","ACZ04","Middle Gangetic Plains","Uttar Pradesh","9","135","Chandauli","2024-06-10",
"219","ACZ04","Middle Gangetic Plains","Uttar Pradesh","9","146","Ghazipur","2024-06-10",
"220","ACZ04","Middle Gangetic Plains","Uttar Pradesh","9","126","Ballia","2024-06-10",
"221","ACZ04","Middle Gangetic Plains","Uttar Pradesh","9","170","Mirzapur","2024-06-10",
"222","ACZ04","Middle Gangetic Plains","Uttar Pradesh","9","184","Sonbhadra","2024-06-10",
"223","ACZ04","Middle Gangetic Plains","Bihar","10","215","Rohtas","2024-06-10",
"224","ACZ04","Middle Gangetic Plains","Bihar","10","200","Kaimur (Bhabua)","2024-06-10",
"225","ACZ04","Middle Gangetic Plains","Bihar","10","193","Bhojpur","2024-06-10",
"226","ACZ04","Middle Gangetic Plains","Bihar","10","194","Buxar","2024-06-10",
"227","ACZ04","Middle Gangetic Plains","Bihar","10","189","Aurangabad","2024-06-10",
"228","ACZ04","Middle Gangetic Plains","Bihar","10","196","Gaya","2024-06-10",
"229","ACZ04","Middle Gangetic Plains","Bihar","10","199","Jehanabad","2024-06-10",
"230","ACZ04","Middle Gangetic Plains","Bihar","10","611","Arwal","2024-06-10",
"231","ACZ04","Middle Gangetic Plains","Bihar","10","212","Patna","2024-06-10",
"232","ACZ04","Middle Gangetic Plains","Bihar","10","210","Nawada","2024-06-10",
"233","ACZ04","Middle Gangetic Plains","Bihar","10","209","Nalanda","2024-06-10",
"234","ACZ04","Middle Gangetic Plains","Bihar","10","207","Munger","2024-06-10",
"235","ACZ04","Middle Gangetic Plains","Bihar","10","219","Sheikhpura","2024-06-10",
"236","ACZ04","Middle Gangetic Plains","Bihar","10","204","Lakhisarai","2024-06-10",
"237","ACZ04","Middle Gangetic Plains","Bihar","10","198","Jamui","2024-06-10",
"238","ACZ04","Middle Gangetic Plains","Bihar","10","191","Begusarai","2024-06-10",
"239","ACZ04","Middle Gangetic Plains","Bihar","10","202","Khagaria","2024-06-10",
"240","ACZ04","Middle Gangetic Plains","Bihar","10","192","Bhagalpur","2024-06-10",
"241","ACZ04","Middle Gangetic Plains","Bihar","10","190","Banka","2024-06-10",
"242","ACZ04","Middle Gangetic Plains","Bihar","10","201","Katihar","2024-06-10",
"243","ACZ04","Middle Gangetic Plains","Bihar","10","205","Madhepura","2024-06-10",
"244","ACZ04","Middle Gangetic Plains","Bihar","10","214","Purnia","2024-06-10",
"245","ACZ04","Middle Gangetic Plains","Bihar","10","203","Kishanganj","2024-06-10",
"246","ACZ04","Middle Gangetic Plains","Bihar","10","188","Araria","2024-06-10",
"247","ACZ04","Middle Gangetic Plains","Bihar","10","216","Saharsa","2024-06-10",
"248","ACZ04","Middle Gangetic Plains","Bihar","10","223","Supaul","2024-06-10",
"249","ACZ04","Middle Gangetic Plains","Bihar","10","217","Samastipur","2024-06-10",
"250","ACZ04","Middle Gangetic Plains","Bihar","10","224","Vaishali","2024-06-10",
"251","ACZ04","Middle Gangetic Plains","Bihar","10","195","Darbhanga","2024-06-10",
"252","ACZ04","Middle Gangetic Plains","Bihar","10","208","Muzzafarpur","2024-06-10",
"253","ACZ04","Middle Gangetic Plains","Bihar","10","218","Saran","2024-06-10",
"254","ACZ04","Middle Gangetic Plains","Bihar","10","222","Siwan","2024-06-10",
"255","ACZ04","Middle Gangetic Plains","Bihar","10","221","Sitamarhi","2024-06-10",
"256","ACZ04","Middle Gangetic Plains","Bihar","10","220","Sheohar","2024-06-10",
"257","ACZ04","Middle Gangetic Plains","Bihar","10","206","Madhubani","2024-06-10",
"258","ACZ04","Middle Gangetic Plains","Bihar","10","211","Paschim Champaran","2024-06-10",
"259","ACZ04","Middle Gangetic Plains","Bihar","10","197","Gopalganj","2024-06-10",
"260","ACZ04","Middle Gangetic Plains","Bihar","10","213","Purbi Champaran","2024-06-10",
"261","ACZ05","Upper Gangetic Plains","Uttar Pradesh","9","177","Saharanpur","2024-06-10",
"262","ACZ05","Upper Gangetic Plains","Uttar Pradesh","9","172","Muzaffarnagar","2024-06-10",
"263","ACZ05","Upper Gangetic Plains","Uttar Pradesh","9","660","Shamli","2024-06-10",
"264","ACZ05","Upper Gangetic Plains","Uttar Pradesh","9","169","Meerut","2024-06-10",
"265","ACZ05","Upper Gangetic Plains","Uttar Pradesh","9","124","Baghpat","2024-06-10",
"266","ACZ05","Upper Gangetic Plains","Uttar Pradesh","9","145","Ghaziabad","2024-06-10",
"267","ACZ05","Upper Gangetic Plains","Uttar Pradesh","9","144","Gautam Buddha Nagar","2024-06-10",
"268","ACZ05","Upper Gangetic Plains","Uttar Pradesh","9","661","Hapur","2024-06-10",
"269","ACZ05","Upper Gangetic Plains","Uttar Pradesh","9","134","Bulandshahr","2024-06-10",
"270","ACZ05","Upper Gangetic Plains","Uttar Pradesh","9","132","Bijnor","2024-06-10",
"271","ACZ05","Upper Gangetic Plains","Uttar Pradesh","9","171","Moradabad","2024-06-10",
"272","ACZ05","Upper Gangetic Plains","Uttar Pradesh","9","154","Amroha","2024-06-10",
"273","ACZ05","Upper Gangetic Plains","Uttar Pradesh","9","659","Sambhal","2024-06-10",
"274","ACZ05","Upper Gangetic Plains","Uttar Pradesh","9","176","Rampur","2024-06-10",
"275","ACZ05","Upper Gangetic Plains","Uttar Pradesh","9","130","Bareilly","2024-06-10",
"276","ACZ05","Upper Gangetic Plains","Uttar Pradesh","9","180","Shahjahanpur","2024-06-10",
"277","ACZ05","Upper Gangetic Plains","Uttar Pradesh","9","119","Aligarh","2024-06-10",
"278","ACZ05","Upper Gangetic Plains","Uttar Pradesh","9","167","Mathura","2024-06-10",
"279","ACZ05","Upper Gangetic Plains","Uttar Pradesh","9","163","Hathras","2024-06-10",
"280","ACZ05","Upper Gangetic Plains","Uttar Pradesh","9","118","Agra","2024-06-10",
"281","ACZ05","Upper Gangetic Plains","Uttar Pradesh","9","143","Firozabad","2024-06-10",
"282","ACZ05","Upper Gangetic Plains","Uttar Pradesh","9","133","Budaun","2024-06-10",
"283","ACZ05","Upper Gangetic Plains","Uttar Pradesh","9","138","Etah","2024-06-10",
"284","ACZ05","Upper Gangetic Plains","Uttar Pradesh","9","633","Kasganj","2024-06-10",
"285","ACZ05","Upper Gangetic Plains","Uttar Pradesh","9","166","Mainpuri","2024-06-10",
"286","ACZ05","Upper Gangetic Plains","Uttar Pradesh","9","139","Etawah","2024-06-10",
"287","ACZ05","Upper Gangetic Plains","Uttar Pradesh","9","122","Auraiya","2024-06-10",
"288","ACZ05","Upper Gangetic Plains","Uttar Pradesh","9","141","Farrukhabad","2024-06-10",
"289","ACZ05","Upper Gangetic Plains","Uttar Pradesh","9","155","Kannauj","2024-06-10",
"290","ACZ05","Upper Gangetic Plains","Uttar Pradesh","9","156","Kanpur Dehat","2024-06-10",
"291","ACZ05","Upper Gangetic Plains","Uttar Pradesh","9","157","Kanpur Nagar","2024-06-10",
"292","ACZ05","Upper Gangetic Plains","Uttar Pradesh","9","173","Pilibhit","2024-06-10",
"293","ACZ05","Upper Gangetic Plains","Uttar Pradesh","9","159","Kheri","2024-06-10",
"294","ACZ05","Upper Gangetic Plains","Uttar Pradesh","9","186","Unnao","2024-06-10",
"295","ACZ05","Upper Gangetic Plains","Uttar Pradesh","9","183","Sitapur","2024-06-10",
"296","ACZ05","Upper Gangetic Plains","Uttar Pradesh","9","129","Bara Banki","2024-06-10",
"297","ACZ05","Upper Gangetic Plains","Uttar Pradesh","9","162","Lucknow","2024-06-10",
"298","ACZ05","Upper Gangetic Plains","Uttar Pradesh","9","175","Rae Bareli","2024-06-10",
"299","ACZ05","Upper Gangetic Plains","Uttar Pradesh","9","185","Sultanpur","2024-06-10",
"300","ACZ05","Upper Gangetic Plains","Uttar Pradesh","9","640","Amethi","2024-06-10",
"303","ACZ05","Upper Gangetic Plains","Uttar Pradesh","9","158","Kaushambi","2024-06-10",
"304","ACZ05","Upper Gangetic Plains","Uttar Pradesh","9","150","Hardoi","2024-06-10",
"305","ACZ05","Upper Gangetic Plains","Uttar Pradesh","9","142","Fatehpur","2024-06-10",
"306","ACZ06","Trans-Gangetic Plains","Chandigarh","4","44","Chandigarh","2024-06-10",
"307","ACZ06","Trans-Gangetic Plains","Delhi","7","77","Central","2024-06-10",
"308","ACZ06","Trans-Gangetic Plains","Delhi","7","78","East","2024-06-10",
"309","ACZ06","Trans-Gangetic Plains","Delhi","7","79","New Delhi","2024-06-10",
"310","ACZ06","Trans-Gangetic Plains","Delhi","7","80","North","2024-06-10",
"311","ACZ06","Trans-Gangetic Plains","Delhi","7","81","North East","2024-06-10",
"312","ACZ06","Trans-Gangetic Plains","Delhi","7","82","North West","2024-06-10",
"313","ACZ06","Trans-Gangetic Plains","Delhi","7","671","Shahdara","2024-06-10",
"314","ACZ06","Trans-Gangetic Plains","Delhi","7","83","South","2024-06-10",
"315","ACZ06","Trans-Gangetic Plains","Delhi","7","670","South East","2024-06-10",
"316","ACZ06","Trans-Gangetic Plains","Delhi","7","84","South West","2024-06-10",
"317","ACZ06","Trans-Gangetic Plains","Delhi","7","85","West","2024-06-10",
"318","ACZ06","Trans-Gangetic Plains","Haryana","6","74","Sirsa","2024-06-10",
"319","ACZ06","Trans-Gangetic Plains","Haryana","6","63","Hisar","2024-06-10",
"320","ACZ06","Trans-Gangetic Plains","Haryana","6","61","Fatehabad","2024-06-10",
"321","ACZ06","Trans-Gangetic Plains","Haryana","6","65","Jind","2024-06-10",
"322","ACZ06","Trans-Gangetic Plains","Haryana","6","75","Sonipat","2024-06-10",
"323","ACZ06","Trans-Gangetic Plains","Haryana","6","59","Bhiwani","2024-06-10",
"324","ACZ06","Trans-Gangetic Plains","Haryana","6","701","Charki Dadri","2024-06-10",
"325","ACZ06","Trans-Gangetic Plains","Haryana","6","69","Mahendragarh","2024-06-10",
"326","ACZ06","Trans-Gangetic Plains","Haryana","6","72","Rewari","2024-06-10",
"327","ACZ06","Trans-Gangetic Plains","Haryana","6","67","Karnal","2024-06-10",
"328","ACZ06","Trans-Gangetic Plains","Haryana","6","71","Panipat","2024-06-10",
"329","ACZ06","Trans-Gangetic Plains","Haryana","6","68","Kurukshetra","2024-06-10",
"330","ACZ06","Trans-Gangetic Plains","Haryana","6","66","Kaithal","2024-06-10",
"331","ACZ06","Trans-Gangetic Plains","Haryana","6","62","Gurugram","2024-06-10",
"332","ACZ06","Trans-Gangetic Plains","Haryana","6","604","Nuh","2024-06-10",
"333","ACZ06","Trans-Gangetic Plains","Haryana","6","60","Faridabad","2024-06-10",
"334","ACZ06","Trans-Gangetic Plains","Haryana","6","619","Palwal","2024-06-10",
"335","ACZ06","Trans-Gangetic Plains","Haryana","6","73","Rohtak","2024-06-10",
"336","ACZ06","Trans-Gangetic Plains","Haryana","6","64","Jhajjar","2024-06-10",
"337","ACZ06","Trans-Gangetic Plains","Haryana","6","58","Ambala","2024-06-10",
"338","ACZ06","Trans-Gangetic Plains","Haryana","6","70","Panchkula","2024-06-10",
"339","ACZ06","Trans-Gangetic Plains","Haryana","6","76","Yamunanagar","2024-06-10",
"340","ACZ06","Trans-Gangetic Plains","Punjab","3","32","Gurdaspur","2024-06-10",
"341","ACZ06","Trans-Gangetic Plains","Punjab","3","662","Pathankot","2024-06-10",
"342","ACZ06","Trans-Gangetic Plains","Punjab","3","27","Amritsar","2024-06-10",
"343","ACZ06","Trans-Gangetic Plains","Punjab","3","609","Tarn Taran","2024-06-10",
"344","ACZ06","Trans-Gangetic Plains","Punjab","3","33","Hoshiarpur","2024-06-10",
"345","ACZ06","Trans-Gangetic Plains","Punjab","3","42","Rupnagar","2024-06-10",
"346","ACZ06","Trans-Gangetic Plains","Punjab","3","30","Fatehgarh Sahib","2024-06-10",
"347","ACZ06","Trans-Gangetic Plains","Punjab","3","41","Patiala","2024-06-10",
"348","ACZ06","Trans-Gangetic Plains","Punjab","3","608","S.A.S Nagar","2024-06-10",
"349","ACZ06","Trans-Gangetic Plains","Punjab","3","34","Jalandhar","2024-06-10",
"350","ACZ06","Trans-Gangetic Plains","Punjab","3","40","Shahid Bhagat Singh Nagar","2024-06-10",
"351","ACZ06","Trans-Gangetic Plains","Punjab","3","35","Kapurthala","2024-06-10",
"352","ACZ06","Trans-Gangetic Plains","Punjab","3","31","Ferozepur","2024-06-10",
"353","ACZ06","Trans-Gangetic Plains","Punjab","3","651","Fazilka","2024-06-10",
"354","ACZ06","Trans-Gangetic Plains","Punjab","3","43","Sangrur","2024-06-10",
"355","ACZ06","Trans-Gangetic Plains","Punjab","3","605","Barnala","2024-06-10",
"356","ACZ06","Trans-Gangetic Plains","Punjab","3","737","Malerkotla","2024-06-10",
"357","ACZ06","Trans-Gangetic Plains","Punjab","3","36","Ludhiana","2024-06-10",
"358","ACZ06","Trans-Gangetic Plains","Punjab","3","29","Faridkot","2024-06-10",
"359","ACZ06","Trans-Gangetic Plains","Punjab","3","38","Moga","2024-06-10",
"360","ACZ06","Trans-Gangetic Plains","Punjab","3","39","Sri Muktsar Sahib","2024-06-10",
"361","ACZ06","Trans-Gangetic Plains","Punjab","3","28","Bathinda","2024-06-10",
"362","ACZ06","Trans-Gangetic Plains","Punjab","3","37","Mansa","2024-06-10",
"363","ACZ06","Trans-Gangetic Plains","Rajasthan","8","100","Sri Ganganagar","2024-06-10",
"364","ACZ06","Trans-Gangetic Plains","Rajasthan","8","776","Anupgarh","2024-06-10",
"365","ACZ06","Trans-Gangetic Plains","Rajasthan","8","101","Hanumangarh","2024-06-10",
"366","ACZ07","Eastern Plateau and Hill Region","Chhattisgarh","22","374","Bastar","2024-06-10",
"367","ACZ07","Eastern Plateau and Hill Region","Chhattisgarh","22","376","Dakshin Bastar Dantewada","2024-06-10",
"368","ACZ07","Eastern Plateau and Hill Region","Chhattisgarh","22","381","Uttar Bastar Kanker","2024-06-10",
"369","ACZ07","Eastern Plateau and Hill Region","Chhattisgarh","22","642","Sukma","2024-06-10",
"370","ACZ07","Eastern Plateau and Hill Region","Chhattisgarh","22","643","Kondagaon","2024-06-10",
"371","ACZ07","Eastern Plateau and Hill Region","Chhattisgarh","22","637","Narayanpur","2024-06-10",
"372","ACZ07","Eastern Plateau and Hill Region","Chhattisgarh","22","636","Bijapur","2024-06-10",
"373","ACZ07","Eastern Plateau and Hill Region","Chhattisgarh","22","386","Raigarh","2024-06-10",
"374","ACZ07","Eastern Plateau and Hill Region","Chhattisgarh","22","380","Jashpur","2024-06-10",
"375","ACZ07","Eastern Plateau and Hill Region","Chhattisgarh","22","763","Sarangarh Bilaigarh","2024-06-10",
"376","ACZ07","Eastern Plateau and Hill Region","Jharkhand","20","331","Gumla","2024-06-10",
"377","ACZ07","Eastern Plateau and Hill Region","Jharkhand","20","342","Simdega","2024-06-10",
"378","ACZ07","Eastern Plateau and Hill Region","Jharkhand","20","339","Ranchi","2024-06-10",
"379","ACZ07","Eastern Plateau and Hill Region","Jharkhand","20","606","Khunti","2024-06-10",
"380","ACZ07","Eastern Plateau and Hill Region","Jharkhand","20","336","Lohardaga","2024-06-10",
"381","ACZ07","Eastern Plateau and Hill Region","Jharkhand","20","343","West Singhbhum","2024-06-10",
"382","ACZ07","Eastern Plateau and Hill Region","Jharkhand","20","341","Saraikela Kharsawan","2024-06-10",
"383","ACZ07","Eastern Plateau and Hill Region","Jharkhand","20","327","East Singhbum","2024-06-10",
"384","ACZ07","Eastern Plateau and Hill Region","Jharkhand","20","338","Palamu","2024-06-10",
"385","ACZ07","Eastern Plateau and Hill Region","Jharkhand","20","335","Latehar","2024-06-10",
"386","ACZ07","Eastern Plateau and Hill Region","Jharkhand","20","328","Garhwa","2024-06-10",
"387","ACZ07","Eastern Plateau and Hill Region","Jharkhand","20","332","Hazaribagh","2024-06-10",
"388","ACZ07","Eastern Plateau and Hill Region","Jharkhand","20","323","Chatra","2024-06-10",
"389","ACZ07","Eastern Plateau and Hill Region","Jharkhand","20","607","Ramgarh","2024-06-10",
"390","ACZ07","Eastern Plateau and Hill Region","Jharkhand","20","334","Koderma","2024-06-10",
"391","ACZ07","Eastern Plateau and Hill Region","Jharkhand","20","325","Dhanbad","2024-06-10",
"392","ACZ07","Eastern Plateau and Hill Region","Jharkhand","20","322","Bokaro","2024-06-10",
"393","ACZ07","Eastern Plateau and Hill Region","Jharkhand","20","329","Giridih","2024-06-10",
"394","ACZ07","Eastern Plateau and Hill Region","Jharkhand","20","326","Dumka","2024-06-10",
"395","ACZ07","Eastern Plateau and Hill Region","Jharkhand","20","324","Deoghar","2024-06-10",
"396","ACZ07","Eastern Plateau and Hill Region","Jharkhand","20","333","Jamtara","2024-06-10",
"397","ACZ07","Eastern Plateau and Hill Region","Jharkhand","20","330","Godda","2024-06-10",
"398","ACZ07","Eastern Plateau and Hill Region","Jharkhand","20","340","Sahebganj","2024-06-10",
"399","ACZ07","Eastern Plateau and Hill Region","Jharkhand","20","337","Pakur","2024-06-10",
"400","ACZ07","Eastern Plateau and Hill Region","Chhattisgarh","22","378","Durg","2024-06-10",
"401","ACZ07","Eastern Plateau and Hill Region","Chhattisgarh","22","646","Balod","2024-06-10",
"402","ACZ07","Eastern Plateau and Hill Region","Chhattisgarh","22","650","Bemetara","2024-06-10",
"403","ACZ07","Eastern Plateau and Hill Region","Chhattisgarh","22","388","Rajnandgaon","2024-06-10",
"404","ACZ07","Eastern Plateau and Hill Region","Chhattisgarh","22","761","Mohla Manpur Ambagarh Chouki","2024-06-10",
"405","ACZ07","Eastern Plateau and Hill Region","Chhattisgarh","22","382","Kabeerdham","2024-06-10",
"406","ACZ07","Eastern Plateau and Hill Region","Chhattisgarh","22","759","Khairagarh Chhuikhadan Gandai","2024-06-10",
"407","ACZ07","Eastern Plateau and Hill Region","Madhya Pradesh","23","392","Balaghat","2024-06-10",
"408","ACZ07","Eastern Plateau and Hill Region","Chhattisgarh","22","387","Raipur","2024-06-10",
"409","ACZ07","Eastern Plateau and Hill Region","Chhattisgarh","22","645","Gariyaband","2024-06-10",
"410","ACZ07","Eastern Plateau and Hill Region","Chhattisgarh","22","644","Balodabazar-Bhatapara","2024-06-10",
"411","ACZ07","Eastern Plateau and Hill Region","Chhattisgarh","22","385","Mahasamund","2024-06-10",
"412","ACZ07","Eastern Plateau and Hill Region","Chhattisgarh","22","377","Dhamtari","2024-06-10",
"414","ACZ07","Eastern Plateau and Hill Region","Chhattisgarh","22","647","Mungeli","2024-06-10",
"415","ACZ07","Eastern Plateau and Hill Region","Chhattisgarh","22","734","Gaurela Pendra Marwahi","2024-06-10",
"416","ACZ07","Eastern Plateau and Hill Region","Chhattisgarh","22","379","Janjgir-Champa","2024-06-10",
"417","ACZ07","Eastern Plateau and Hill Region","Chhattisgarh","22","762","Sakti","2024-06-10",
"418","ACZ07","Eastern Plateau and Hill Region","Chhattisgarh","22","383","Korba","2024-06-10",
"419","ACZ07","Eastern Plateau and Hill Region","Madhya Pradesh","23","429","Shahdol","2024-06-10",
"420","ACZ07","Eastern Plateau and Hill Region","Madhya Pradesh","23","436","Umaria","2024-06-10",
"421","ACZ07","Eastern Plateau and Hill Region","Madhya Pradesh","23","390","Anuppur","2024-06-10",
"422","ACZ07","Eastern Plateau and Hill Region","Chhattisgarh","22","389","Surguja","2024-06-10",
"423","ACZ07","Eastern Plateau and Hill Region","Chhattisgarh","22","649","Balrampur Ramanujganj","2024-06-10",
"424","ACZ07","Eastern Plateau and Hill Region","Chhattisgarh","22","648","Surajpur","2024-06-10",
"425","ACZ07","Eastern Plateau and Hill Region","Chhattisgarh","22","384","Korea","2024-06-10",
"426","ACZ07","Eastern Plateau and Hill Region","Chhattisgarh","22","760","Manendragarh Chirmiri Bharatpur ","2024-06-10",
"427","ACZ07","Eastern Plateau and Hill Region","Maharashtra","27","475","Gadchiroli","2024-06-10",
"428","ACZ07","Eastern Plateau and Hill Region","Maharashtra","27","473","Chandrapur","2024-06-10",
"429","ACZ07","Eastern Plateau and Hill Region","Maharashtra","27","471","Bhandara","2024-06-10",
"430","ACZ07","Eastern Plateau and Hill Region","Maharashtra","27","476","Gondia","2024-06-10",
"431","ACZ07","Eastern Plateau and Hill Region","Odisha","21","363","Koraput","2024-06-10",
"432","ACZ07","Eastern Plateau and Hill Region","Odisha","21","364","Malkangiri","2024-06-10",
"433","ACZ07","Eastern Plateau and Hill Region","Odisha","21","370","Rayagada","2024-06-10",
"434","ACZ07","Eastern Plateau and Hill Region","Odisha","21","366","Nabarangpur","2024-06-10",
"435","ACZ07","Eastern Plateau and Hill Region","Odisha","21","358","Kalahandi","2024-06-10",
"436","ACZ07","Eastern Plateau and Hill Region","Odisha","21","368","Nuapada","2024-06-10",
"437","ACZ07","Eastern Plateau and Hill Region","Odisha","21","359","Kandhamal","2024-06-10",
"438","ACZ07","Eastern Plateau and Hill Region","Odisha","21","349","Boudh","2024-06-10",
"439","ACZ07","Eastern Plateau and Hill Region","Odisha","21","352","Dhenkanal","2024-06-10",
"440","ACZ07","Eastern Plateau and Hill Region","Odisha","21","344","Anugul","2024-06-10",
"441","ACZ07","Eastern Plateau and Hill Region","Odisha","21","371","Sambalpur","2024-06-10",
"442","ACZ07","Eastern Plateau and Hill Region","Odisha","21","347","Bargarh","2024-06-10",
"443","ACZ07","Eastern Plateau and Hill Region","Odisha","21","357","Jharsuguda","2024-06-10",
"444","ACZ07","Eastern Plateau and Hill Region","Odisha","21","345","Balangir","2024-06-10",
"445","ACZ07","Eastern Plateau and Hill Region","Odisha","21","372","Sonepur","2024-06-10",
"446","ACZ07","Eastern Plateau and Hill Region","Odisha","21","361","Kendujhar","2024-06-10",
"447","ACZ07","Eastern Plateau and Hill Region","Odisha","21","365","Mayurbhanj","2024-06-10",
"448","ACZ07","Eastern Plateau and Hill Region","Odisha","21","373","Sundargarh","2024-06-10",
"449","ACZ07","Eastern Plateau and Hill Region","Odisha","21","351","Deogarh","2024-06-10",
"450","ACZ08","Central Plateau and Hill Region","Uttar Pradesh","9","128","Banda","2024-06-10",
"451","ACZ08","Central Plateau and Hill Region","Uttar Pradesh","9","136","Chitrakoot","2024-06-10",
"452","ACZ08","Central Plateau and Hill Region","Uttar Pradesh","9","161","Lalitpur","2024-06-10",
"454","ACZ08","Central Plateau and Hill Region","Uttar Pradesh","9","165","Mahoba","2024-06-10",
"455","ACZ08","Central Plateau and Hill Region","Uttar Pradesh","9","151","Jalaun","2024-06-10",
"456","ACZ08","Central Plateau and Hill Region","Uttar Pradesh","9","153","Jhansi","2024-06-10",
"457","ACZ08","Central Plateau and Hill Region","Madhya Pradesh","23","415","Mandla","2024-06-10",
"458","ACZ08","Central Plateau and Hill Region","Madhya Pradesh","23","404","Dindori","2024-06-10",
"459","ACZ08","Central Plateau and Hill Region","Madhya Pradesh","23","428","Seoni","2024-06-10",
"460","ACZ08","Central Plateau and Hill Region","Madhya Pradesh","23","399","Chhindwara","2024-06-10",
"461","ACZ08","Central Plateau and Hill Region","Madhya Pradesh","23","394","Betul","2024-06-10",
"462","ACZ08","Central Plateau and Hill Region","Madhya Pradesh","23","411","Jabalpur","2024-06-10",
"463","ACZ08","Central Plateau and Hill Region","Madhya Pradesh","23","785","Pandhurna","2024-06-10",
"464","ACZ08","Central Plateau and Hill Region","Madhya Pradesh","23","408","Harda","2024-06-10",
"465","ACZ08","Central Plateau and Hill Region","Madhya Pradesh","23","413","Katni","2024-06-10",
"466","ACZ08","Central Plateau and Hill Region","Madhya Pradesh","23","418","Narsimhapur","2024-06-10",
"467","ACZ08","Central Plateau and Hill Region","Madhya Pradesh","23","409","Narmadapuram","2024-06-10",
"468","ACZ08","Central Plateau and Hill Region","Madhya Pradesh","23","427","Sehore","2024-06-10",
"469","ACZ08","Central Plateau and Hill Region","Madhya Pradesh","23","421","Raisen","2024-06-10",
"470","ACZ08","Central Plateau and Hill Region","Madhya Pradesh","23","396","Bhopal","2024-06-10",
"471","ACZ08","Central Plateau and Hill Region","Madhya Pradesh","23","437","Vidisha","2024-06-10",
"472","ACZ08","Central Plateau and Hill Region","Madhya Pradesh","23","425","Sagar","2024-06-10",
"473","ACZ08","Central Plateau and Hill Region","Madhya Pradesh","23","400","Damoh","2024-06-10",
"474","ACZ08","Central Plateau and Hill Region","Madhya Pradesh","23","420","Panna","2024-06-10",
"475","ACZ08","Central Plateau and Hill Region","Madhya Pradesh","23","426","Satna ","2024-06-10",
"476","ACZ08","Central Plateau and Hill Region","Madhya Pradesh","23","784","Maihar","2024-06-10",
"477","ACZ08","Central Plateau and Hill Region","Madhya Pradesh","23","424","Rewa","2024-06-10",
"478","ACZ08","Central Plateau and Hill Region","Madhya Pradesh","23","766","Mauganj","2024-06-10",
"479","ACZ08","Central Plateau and Hill Region","Madhya Pradesh","23","433","Sidhi","2024-06-10",
"480","ACZ08","Central Plateau and Hill Region","Madhya Pradesh","23","638","Singrauli","2024-06-10",
"481","ACZ08","Central Plateau and Hill Region","Madhya Pradesh","23","398","Chhatarpur","2024-06-10",
"482","ACZ08","Central Plateau and Hill Region","Madhya Pradesh","23","434","Tikamgarh","2024-06-10",
"483","ACZ08","Central Plateau and Hill Region","Madhya Pradesh","23","722","Niwari","2024-06-10",
"484","ACZ08","Central Plateau and Hill Region","Madhya Pradesh","23","406","Guna","2024-06-10",
"485","ACZ08","Central Plateau and Hill Region","Madhya Pradesh","23","391","Ashoknagar","2024-06-10",
"486","ACZ08","Central Plateau and Hill Region","Madhya Pradesh","23","432","Shivpuri","2024-06-10",
"487","ACZ08","Central Plateau and Hill Region","Madhya Pradesh","23","407","Gwalior","2024-06-10",
"488","ACZ08","Central Plateau and Hill Region","Madhya Pradesh","23","395","Bhind","2024-06-10",
"489","ACZ08","Central Plateau and Hill Region","Madhya Pradesh","23","401","Datia","2024-06-10",
"490","ACZ08","Central Plateau and Hill Region","Madhya Pradesh","23","417","Morena","2024-06-10",
"491","ACZ08","Central Plateau and Hill Region","Madhya Pradesh","23","431","Sheopur","2024-06-10",
"492","ACZ08","Central Plateau and Hill Region","Rajasthan","8","109","Kota","2024-06-10",
"493","ACZ08","Central Plateau and Hill Region","Rajasthan","8","89","Baran","2024-06-10",
"494","ACZ08","Central Plateau and Hill Region","Rajasthan","8","98","Dholpur","2024-06-10",
"495","ACZ08","Central Plateau and Hill Region","Rajasthan","8","113","Sawai Madhopur","2024-06-10",
"496","ACZ08","Central Plateau and Hill Region","Rajasthan","8","97","Dausa","2024-06-10",
"497","ACZ08","Central Plateau and Hill Region","Rajasthan","8","771","Gangapurcity","2024-06-10",
"498","ACZ08","Central Plateau and Hill Region","Rajasthan","8","108","Karauli","2024-06-10",
"499","ACZ08","Central Plateau and Hill Region","Rajasthan","8","91","Bharatpur","2024-06-10",
"500","ACZ08","Central Plateau and Hill Region","Rajasthan","8","767","Deeg","2024-06-10",
"501","ACZ08","Central Plateau and Hill Region","Rajasthan","8","94","Bundi","2024-06-10",
"502","ACZ08","Central Plateau and Hill Region","Rajasthan","8","116","Tonk","2024-06-10",
"503","ACZ08","Central Plateau and Hill Region","Rajasthan","8","87","Alwar","2024-06-10",
"504","ACZ08","Central Plateau and Hill Region","Rajasthan","8","770","Khairthal-Tijara","2024-06-10",
"505","ACZ08","Central Plateau and Hill Region","Rajasthan","8","782","Kotputli-Behror","2024-06-10",
"506","ACZ08","Central Plateau and Hill Region","Rajasthan","8","102","Jaipur","2024-06-10",
"507","ACZ08","Central Plateau and Hill Region","Rajasthan","8","769","Dudu","2024-06-10",
"508","ACZ08","Central Plateau and Hill Region","Rajasthan","8","783","Jaipur (Gramin)","2024-06-10",
"509","ACZ08","Central Plateau and Hill Region","Rajasthan","8","86","Ajmer","2024-06-10",
"510","ACZ08","Central Plateau and Hill Region","Rajasthan","8","774","Beawar","2024-06-10",
"511","ACZ08","Central Plateau and Hill Region","Rajasthan","8","781","Kekri","2024-06-10",
"512","ACZ08","Central Plateau and Hill Region","Rajasthan","8","92","Bhilwara","2024-06-10",
"513","ACZ08","Central Plateau and Hill Region","Rajasthan","8","780","Shahpura","2024-06-10",
"514","ACZ08","Central Plateau and Hill Region","Rajasthan","8","95","Chittorgarh","2024-06-10",
"515","ACZ08","Central Plateau and Hill Region","Rajasthan","8","117","Udaipur","2024-06-10",
"516","ACZ08","Central Plateau and Hill Region","Rajasthan","8","112","Rajsamand","2024-06-10",
"517","ACZ08","Central Plateau and Hill Region","Rajasthan","8","777","Salumbar","2024-06-10",
"518","ACZ08","Central Plateau and Hill Region","Rajasthan","8","99","Dungarpur","2024-06-10",
"519","ACZ08","Central Plateau and Hill Region","Rajasthan","8","88","Banswara","2024-06-10",
"521","ACZ08","Central Plateau and Hill Region","Rajasthan","8","115","Sirohi","2024-06-10",
"522","ACZ08","Central Plateau and Hill Region","Rajasthan","8","111","Pali","2024-06-10",
"523","ACZ09","Western Plateau and Hill Region","Madhya Pradesh","23","412","Jhabua","2024-06-10",
"524","ACZ09","Western Plateau and Hill Region","Madhya Pradesh","23","639","Alirajpur","2024-06-10",
"525","ACZ09","Western Plateau and Hill Region","Madhya Pradesh","23","403","Dhar","2024-06-10",
"526","ACZ09","Western Plateau and Hill Region","Madhya Pradesh","23","410","Indore","2024-06-10",
"527","ACZ09","Western Plateau and Hill Region","Madhya Pradesh","23","402","Dewas","2024-06-10",
"528","ACZ09","Western Plateau and Hill Region","Madhya Pradesh","23","423","Ratlam","2024-06-10",
"529","ACZ09","Western Plateau and Hill Region","Madhya Pradesh","23","435","Ujjain","2024-06-10",
"530","ACZ09","Western Plateau and Hill Region","Madhya Pradesh","23","430","Shahjapur","2024-06-10",
"531","ACZ09","Western Plateau and Hill Region","Madhya Pradesh","23","667","Agar-Malwa","2024-06-10",
"532","ACZ09","Western Plateau and Hill Region","Madhya Pradesh","23","416","Mandsaur","2024-06-10",
"533","ACZ09","Western Plateau and Hill Region","Madhya Pradesh","23","419","Neemuch","2024-06-10",
"534","ACZ09","Western Plateau and Hill Region","Madhya Pradesh","23","422","Rajgarh","2024-06-10",
"535","ACZ09","Western Plateau and Hill Region","Madhya Pradesh","23","405","Khandwa (East Nimar)","2024-06-10",
"536","ACZ09","Western Plateau and Hill Region","Madhya Pradesh","23","397","Burhanpur","2024-06-10",
"537","ACZ09","Western Plateau and Hill Region","Madhya Pradesh","23","414","Khargone","2024-06-10",
"538","ACZ09","Western Plateau and Hill Region","Madhya Pradesh","23","393","Barwani","2024-06-10",
"539","ACZ09","Western Plateau and Hill Region","Maharashtra","27","480","Kolhapur","2024-06-10",
"540","ACZ09","Western Plateau and Hill Region","Maharashtra","27","493","Sangli","2024-06-10",
"541","ACZ09","Western Plateau and Hill Region","Maharashtra","27","496","Solapur","2024-06-10",
"542","ACZ09","Western Plateau and Hill Region","Maharashtra","27","494","Satara","2024-06-10",
"543","ACZ09","Western Plateau and Hill Region","Maharashtra","27","490","Pune","2024-06-10",
"544","ACZ09","Western Plateau and Hill Region","Maharashtra","27","488","Dharashiv","2024-06-10",
"545","ACZ09","Western Plateau and Hill Region","Maharashtra","27","481","Latur","2024-06-10",
"546","ACZ09","Western Plateau and Hill Region","Maharashtra","27","470","Beed","2024-06-10",
"547","ACZ09","Western Plateau and Hill Region","Maharashtra","27","485","Nanded","2024-06-10",
"548","ACZ09","Western Plateau and Hill Region","Maharashtra","27","489","Parbhani","2024-06-10",
"549","ACZ09","Western Plateau and Hill Region","Maharashtra","27","477","Hingoli","2024-06-10",
"550","ACZ09","Western Plateau and Hill Region","Maharashtra","27","479","Jalna","2024-06-10",
"551","ACZ09","Western Plateau and Hill Region","Maharashtra","27","466","Ahmednagar","2024-06-10",
"552","ACZ09","Western Plateau and Hill Region","Maharashtra","27","469","Chhatrapati Sambhajinagar","2024-06-10",
"553","ACZ09","Western Plateau and Hill Region","Maharashtra","27","478","Jalgaon","2024-06-10",
"554","ACZ09","Western Plateau and Hill Region","Maharashtra","27","472","Buldhana","2024-06-10",
"555","ACZ09","Western Plateau and Hill Region","Maharashtra","27","467","Akola","2024-06-10",
"556","ACZ09","Western Plateau and Hill Region","Maharashtra","27","499","Washim","2024-06-10",
"557","ACZ09","Western Plateau and Hill Region","Maharashtra","27","500","Yavatmal","2024-06-10",
"558","ACZ09","Western Plateau and Hill Region","Maharashtra","27","498","Wardha","2024-06-10",
"559","ACZ09","Western Plateau and Hill Region","Maharashtra","27","484","Nagpur","2024-06-10",
"560","ACZ09","Western Plateau and Hill Region","Maharashtra","27","468","Amravati","2024-06-10",
"561","ACZ09","Western Plateau and Hill Region","Maharashtra","27","487","Nashik","2024-06-10",
"562","ACZ09","Western Plateau and Hill Region","Maharashtra","27","474","Dhule","2024-06-10",
"563","ACZ09","Western Plateau and Hill Region","Maharashtra","27","486","Nandurbar","2024-06-10",
"564","ACZ09","Western Plateau and Hill Region","Rajasthan","8","105","Jhalawar","2024-06-10",
"565","ACZ10","Southern Plateau and Hill Region","Andhra Pradesh","28","502","Ananthapuramu","2024-06-10",
"566","ACZ10","Southern Plateau and Hill Region","Andhra Pradesh","28","754","Sri Sathya Sai","2024-06-10",
"567","ACZ10","Southern Plateau and Hill Region","Telangana","36","501","Adilabad","2024-06-10",
"568","ACZ10","Southern Plateau and Hill Region","Telangana","36","680","Nirmal","2024-06-10",
"569","ACZ10","Southern Plateau and Hill Region","Telangana","36","684","Mancherial","2024-06-10",
"570","ACZ10","Southern Plateau and Hill Region","Telangana","36","699","Kumuram Bheem Asifabad","2024-06-10",
"571","ACZ10","Southern Plateau and Hill Region","Andhra Pradesh","28","503","Chittoor","2024-06-10",
"572","ACZ10","Southern Plateau and Hill Region","Andhra Pradesh","28","752","Tirupati","2024-06-10",
"573","ACZ10","Southern Plateau and Hill Region","Andhra Pradesh","28","504","Y.S.R.","2024-06-10",
"574","ACZ10","Southern Plateau and Hill Region","Andhra Pradesh","28","753","Annamayya","2024-06-10",
"575","ACZ10","Southern Plateau and Hill Region","Andhra Pradesh","28","511","Kurnool","2024-06-10",
"576","ACZ10","Southern Plateau and Hill Region","Andhra Pradesh","28","755","Nandyal","2024-06-10",
"577","ACZ10","Southern Plateau and Hill Region","Telangana","36","507","Hyderabad","2024-06-10",
"578","ACZ10","Southern Plateau and Hill Region","Telangana","36","508","Karimnagar","2024-06-10",
"579","ACZ10","Southern Plateau and Hill Region","Telangana","36","682","Peddapalli","2024-06-10",
"580","ACZ10","Southern Plateau and Hill Region","Telangana","36","683","Rajanna Sircilla","2024-06-10",
"581","ACZ10","Southern Plateau and Hill Region","Telangana","36","681","Jagitial","2024-06-10",
"582","ACZ10","Southern Plateau and Hill Region","Telangana","36","512","Mahbubnagar","2024-06-10",
"583","ACZ10","Southern Plateau and Hill Region","Telangana","36","694","Nagarkurnool","2024-06-10",
"584","ACZ10","Southern Plateau and Hill Region","Telangana","36","695","Jogulamba Gadwal","2024-06-10",
"585","ACZ10","Southern Plateau and Hill Region","Telangana","36","693","Wanaparthy","2024-06-10",
"586","ACZ10","Southern Plateau and Hill Region","Telangana","36","721","Narayanpet","2024-06-10",
"587","ACZ10","Southern Plateau and Hill Region","Telangana","36","514","Nalagonda","2024-06-10",
"588","ACZ10","Southern Plateau and Hill Region","Telangana","36","697","Yadadri Bhuvanagiri","2024-06-10",
"589","ACZ10","Southern Plateau and Hill Region","Telangana","36","696","Suryapet","2024-06-10",
"590","ACZ10","Southern Plateau and Hill Region","Telangana","36","509","Khammam","2024-06-10",
"591","ACZ10","Southern Plateau and Hill Region","Telangana","36","690","Bhadradri Kothagudem","2024-06-10",
"592","ACZ10","Southern Plateau and Hill Region","Telangana","36","516","Nizamabad","2024-06-10",
"593","ACZ10","Southern Plateau and Hill Region","Telangana","36","685","Kamareddy","2024-06-10",
"594","ACZ10","Southern Plateau and Hill Region","Telangana","36","518","Rangareddy","2024-06-10",
"595","ACZ10","Southern Plateau and Hill Region","Telangana","36","698","Vikarabad","2024-06-10",
"596","ACZ10","Southern Plateau and Hill Region","Telangana","36","700","Medchal Malkajgiri","2024-06-10",
"597","ACZ10","Southern Plateau and Hill Region","Telangana","36","522","Warangal","2024-06-10",
"598","ACZ10","Southern Plateau and Hill Region","Telangana","36","686","Hanumakonda","2024-06-10",
"599","ACZ10","Southern Plateau and Hill Region","Telangana","36","689","Jangaon","2024-06-10",
"600","ACZ10","Southern Plateau and Hill Region","Telangana","36","687","Jayashankar Bhupalapally","2024-06-10",
"601","ACZ10","Southern Plateau and Hill Region","Telangana","36","720","Mulugu","2024-06-10",
"602","ACZ10","Southern Plateau and Hill Region","Telangana","36","688","Mahabubabad","2024-06-10",
"603","ACZ10","Southern Plateau and Hill Region","Telangana","36","513","Medak","2024-06-10",
"604","ACZ10","Southern Plateau and Hill Region","Telangana","36","692","Siddipet","2024-06-10",
"605","ACZ10","Southern Plateau and Hill Region","Telangana","36","691","Sangareddy","2024-06-10",
"606","ACZ10","Southern Plateau and Hill Region","Karnataka","29","526","Bengaluru Rural","2024-06-10",
"607","ACZ10","Southern Plateau and Hill Region","Karnataka","29","631","Ramanagara","2024-06-10",
"608","ACZ10","Southern Plateau and Hill Region","Karnataka","29","525","Bengaluru Urban","2024-06-10",
"609","ACZ10","Southern Plateau and Hill Region","Karnataka","29","528","Ballari","2024-06-10",
"610","ACZ10","Southern Plateau and Hill Region","Karnataka","29","738","Vijayanagar","2024-06-10",
"611","ACZ10","Southern Plateau and Hill Region","Karnataka","29","527","Belagavi","2024-06-10",
"612","ACZ10","Southern Plateau and Hill Region","Karnataka","29","529","Bidar","2024-06-10",
"613","ACZ10","Southern Plateau and Hill Region","Karnataka","29","530","Vijayapura","2024-06-10",
"614","ACZ10","Southern Plateau and Hill Region","Karnataka","29","524","Bagalkote","2024-06-10",
"615","ACZ10","Southern Plateau and Hill Region","Karnataka","29","533","Chitradurga","2024-06-10",
"616","ACZ10","Southern Plateau and Hill Region","Karnataka","29","535","Davangere","2024-06-10",
"617","ACZ10","Southern Plateau and Hill Region","Karnataka","29","536","Dharwad","2024-06-10",
"618","ACZ10","Southern Plateau and Hill Region","Karnataka","29","540","Haveri","2024-06-10",
"619","ACZ10","Southern Plateau and Hill Region","Karnataka","29","537","Gadag","2024-06-10",
"620","ACZ10","Southern Plateau and Hill Region","Karnataka","29","538","Kalaburagi","2024-06-10",
"621","ACZ10","Southern Plateau and Hill Region","Karnataka","29","635","Yadgir","2024-06-10",
"622","ACZ10","Southern Plateau and Hill Region","Karnataka","29","539","Hassan","2024-06-10",
"624","ACZ10","Southern Plateau and Hill Region","Karnataka","29","630","Chikkaballapura","2024-06-10",
"625","ACZ10","Southern Plateau and Hill Region","Karnataka","29","544","Mandya","2024-06-10",
"626","ACZ10","Southern Plateau and Hill Region","Karnataka","29","545","Mysuru","2024-06-10",
"627","ACZ10","Southern Plateau and Hill Region","Karnataka","29","531","Chamarajanagara","2024-06-10",
"628","ACZ10","Southern Plateau and Hill Region","Karnataka","29","546","Raichur","2024-06-10",
"629","ACZ10","Southern Plateau and Hill Region","Karnataka","29","542","Kolar","2024-06-10",
"630","ACZ10","Southern Plateau and Hill Region","Karnataka","29","548","Tumakuru","2024-06-10",
"631","ACZ10","Southern Plateau and Hill Region","Tamil Nadu","33","569","Coimbatore","2024-06-10",
"632","ACZ10","Southern Plateau and Hill Region","Tamil Nadu","33","634","Tiruppur","2024-06-10",
"633","ACZ10","Southern Plateau and Hill Region","Tamil Nadu","33","571","Dharmapuri","2024-06-10",
"634","ACZ10","Southern Plateau and Hill Region","Tamil Nadu","33","577","Krishnagiri","2024-06-10",
"635","ACZ10","Southern Plateau and Hill Region","Tamil Nadu","33","578","Madurai","2024-06-10",
"636","ACZ10","Southern Plateau and Hill Region","Tamil Nadu","33","588","Theni","2024-06-10",
"637","ACZ10","Southern Plateau and Hill Region","Tamil Nadu","33","572","Dindigul","2024-06-10",
"638","ACZ10","Southern Plateau and Hill Region","Tamil Nadu","33","573","Erode","2024-06-10",
"639","ACZ10","Southern Plateau and Hill Region","Tamil Nadu","33","582","Pudukkottai","2024-06-10",
"640","ACZ10","Southern Plateau and Hill Region","Tamil Nadu","33","584","Salem","2024-06-10",
"641","ACZ10","Southern Plateau and Hill Region","Tamil Nadu","33","580","Namakkal","2024-06-10",
"642","ACZ10","Southern Plateau and Hill Region","Tamil Nadu","33","591","Tiruchirappalli","2024-06-10",
"643","ACZ10","Southern Plateau and Hill Region","Tamil Nadu","33","576","Karur","2024-06-10",
"644","ACZ10","Southern Plateau and Hill Region","Tamil Nadu","33","581","Perambalur","2024-06-10",
"645","ACZ10","Southern Plateau and Hill Region","Tamil Nadu","33","610","Ariyalur","2024-06-10",
"646","ACZ11","East Coast Plains & Hill Region","Andhra Pradesh","28","521","Vizianagaram","2024-06-10",
"647","ACZ11","East Coast Plains & Hill Region","Andhra Pradesh","28","743","Parvathipuram Manyam","2024-06-10",
"648","ACZ11","East Coast Plains & Hill Region","Andhra Pradesh","28","519","Srika Kulam","2024-06-10",
"649","ACZ11","East Coast Plains & Hill Region","Andhra Pradesh","28","520","Vishakhapatnam","2024-06-10",
"650","ACZ11","East Coast Plains & Hill Region","Andhra Pradesh","28","745","Alluri Sitharama Raju","2024-06-10",
"651","ACZ11","East Coast Plains & Hill Region","Andhra Pradesh","28","744","Anakapalli","2024-06-10",
"652","ACZ11","East Coast Plains & Hill Region","Andhra Pradesh","28","505","East Godavari","2024-06-10",
"653","ACZ11","East Coast Plains & Hill Region","Andhra Pradesh","28","747","Dr. B.R. Ambedkar Konaseema","2024-06-10",
"654","ACZ11","East Coast Plains & Hill Region","Andhra Pradesh","28","746","Kakinada","2024-06-10",
"655","ACZ11","East Coast Plains & Hill Region","Andhra Pradesh","28","523","West Godavari","2024-06-10",
"656","ACZ11","East Coast Plains & Hill Region","Andhra Pradesh","28","748","Eluru","2024-06-10",
"657","ACZ11","East Coast Plains & Hill Region","Andhra Pradesh","28","510","Krishna","2024-06-10",
"658","ACZ11","East Coast Plains & Hill Region","Andhra Pradesh","28","749","NTR","2024-06-10",
"659","ACZ11","East Coast Plains & Hill Region","Andhra Pradesh","28","506","Guntur","2024-06-10",
"660","ACZ11","East Coast Plains & Hill Region","Andhra Pradesh","28","751","Palnadu","2024-06-10",
"661","ACZ11","East Coast Plains & Hill Region","Andhra Pradesh","28","750","Bapatla","2024-06-10",
"662","ACZ11","East Coast Plains & Hill Region","Andhra Pradesh","28","517","Prakasam","2024-06-10",
"663","ACZ11","East Coast Plains & Hill Region","Andhra Pradesh","28","515","Sri Potti Sriramulu Nellore","2024-06-10",
"664","ACZ11","East Coast Plains & Hill Region","Odisha","21","346","Baleshwar","2024-06-10",
"665","ACZ11","East Coast Plains & Hill Region","Odisha","21","348","Bhadrak","2024-06-10",
"666","ACZ11","East Coast Plains & Hill Region","Odisha","21","350","Cuttack","2024-06-10",
"667","ACZ11","East Coast Plains & Hill Region","Odisha","21","355","Jagatsinghapur","2024-06-10",
"668","ACZ11","East Coast Plains & Hill Region","Odisha","21","356","Jajapur","2024-06-10",
"669","ACZ11","East Coast Plains & Hill Region","Odisha","21","360","Kendrapara","2024-06-10",
"670","ACZ11","East Coast Plains & Hill Region","Odisha","21","369","Puri","2024-06-10",
"671","ACZ11","East Coast Plains & Hill Region","Odisha","21","367","Nayagarh","2024-06-10",
"672","ACZ11","East Coast Plains & Hill Region","Odisha","21","362","Khordha","2024-06-10",
"673","ACZ11","East Coast Plains & Hill Region","Odisha","21","354","Ganjam","2024-06-10",
"674","ACZ11","East Coast Plains & Hill Region","Odisha","21","353","Gajapati","2024-06-10",
"675","ACZ11","East Coast Plains & Hill Region","Puducherry","34","598","Karaikal","2024-06-10",
"676","ACZ11","East Coast Plains & Hill Region","Puducherry","34","599","Mahe","2024-06-10",
"677","ACZ11","East Coast Plains & Hill Region","Puducherry","34","600","Pondicherry","2024-06-10",
"678","ACZ11","East Coast Plains & Hill Region","Puducherry","34","601","Yanam","2024-06-10",
"679","ACZ11","East Coast Plains & Hill Region","Tamil Nadu","33","568","Chennai","2024-06-10",
"680","ACZ11","East Coast Plains & Hill Region","Tamil Nadu","33","730","Chengalpattu","2024-06-10",
"681","ACZ11","East Coast Plains & Hill Region","Tamil Nadu","33","574","Kancheepuram","2024-06-10",
"682","ACZ11","East Coast Plains & Hill Region","Tamil Nadu","33","589","Thiruvallur","2024-06-10",
"683","ACZ11","East Coast Plains & Hill Region","Tamil Nadu","33","595","Vellore","2024-06-10",
"684","ACZ11","East Coast Plains & Hill Region","Tamil Nadu","33","731","Ranipet","2024-06-10",
"685","ACZ11","East Coast Plains & Hill Region","Tamil Nadu","33","593","Tiruvannamalai","2024-06-10",
"686","ACZ11","East Coast Plains & Hill Region","Tamil Nadu","33","732","Tirupathur","2024-06-10",
"687","ACZ11","East Coast Plains & Hill Region","Tamil Nadu","33","570","Cuddalore","2024-06-10",
"688","ACZ11","East Coast Plains & Hill Region","Tamil Nadu","33","596","Viluppuram","2024-06-10",
"689","ACZ11","East Coast Plains & Hill Region","Tamil Nadu","33","729","Kallakurichi","2024-06-10",
"690","ACZ11","East Coast Plains & Hill Region","Tamil Nadu","33","586","Thanjavur","2024-06-10",
"691","ACZ11","East Coast Plains & Hill Region","Tamil Nadu","33","579","Nagapattinam","2024-06-10",
"692","ACZ11","East Coast Plains & Hill Region","Tamil Nadu","33","590","Thiruvarur","2024-06-10",
"693","ACZ11","East Coast Plains & Hill Region","Tamil Nadu","33","735","Mayiladuthurai","2024-06-10",
"694","ACZ11","East Coast Plains & Hill Region","Tamil Nadu","33","597","Virudhunagar","2024-06-10",
"695","ACZ11","East Coast Plains & Hill Region","Tamil Nadu","33","583","Ramanathapuram","2024-06-10",
"696","ACZ11","East Coast Plains & Hill Region","Tamil Nadu","33","585","Sivaganga","2024-06-10",
"697","ACZ11","East Coast Plains & Hill Region","Tamil Nadu","33","594","Thoothukkudi","2024-06-10",
"698","ACZ11","East Coast Plains & Hill Region","Tamil Nadu","33","592","Tirunelveli","2024-06-10",
"699","ACZ11","East Coast Plains & Hill Region","Tamil Nadu","33","733","Tenkasi","2024-06-10",
"700","ACZ12","Western coast plains and ghat region","Goa","30","551","North Goa","2024-06-10",
"701","ACZ12","Western coast plains and ghat region","Goa","30","552","South Goa","2024-06-10",
"702","ACZ12","Western coast plains and ghat region","Karnataka","29","550","Uttara Kannada","2024-06-10",
"703","ACZ12","Western coast plains and ghat region","Karnataka","29","547","Shivamogga","2024-06-10",
"704","ACZ12","Western coast plains and ghat region","Karnataka","29","534","Dakshina Kannada","2024-06-10",
"705","ACZ12","Western coast plains and ghat region","Karnataka","29","549","Udupi","2024-06-10",
"706","ACZ12","Western coast plains and ghat region","Karnataka","29","532","Chikkamagaluru","2024-06-10",
"707","ACZ12","Western coast plains and ghat region","Karnataka","29","541","Kodagu","2024-06-10",
"708","ACZ12","Western coast plains and ghat region","Kerala","32","558","Kasaragod","2024-06-10",
"709","ACZ12","Western coast plains and ghat region","Kerala","32","557","Kannur","2024-06-10",
"710","ACZ12","Western coast plains and ghat region","Kerala","32","567","Wayanad","2024-06-10",
"711","ACZ12","Western coast plains and ghat region","Kerala","32","561","Kozhikode","2024-06-10",
"712","ACZ12","Western coast plains and ghat region","Kerala","32","562","Malappuram","2024-06-10",
"713","ACZ12","Western coast plains and ghat region","Kerala","32","563","Palakkad","2024-06-10",
"714","ACZ12","Western coast plains and ghat region","Kerala","32","566","Thrissur","2024-06-10",
"715","ACZ12","Western coast plains and ghat region","Kerala","32","555","Ernakulam","2024-06-10",
"716","ACZ12","Western coast plains and ghat region","Kerala","32","556","Idukki","2024-06-10",
"717","ACZ12","Western coast plains and ghat region","Kerala","32","560","Kottayam","2024-06-10",
"718","ACZ12","Western coast plains and ghat region","Kerala","32","554","Alappuzha","2024-06-10",
"719","ACZ12","Western coast plains and ghat region","Kerala","32","564","Pathanamthitta","2024-06-10",
"720","ACZ12","Western coast plains and ghat region","Kerala","32","559","Kollam","2024-06-10",
"721","ACZ12","Western coast plains and ghat region","Kerala","32","565","Thiruvananthapuram","2024-06-10",
"722","ACZ12","Western coast plains and ghat region","Maharashtra","27","497","Thane","2024-06-10",
"723","ACZ12","Western coast plains and ghat region","Maharashtra","27","482","Mumbai","2024-06-10",
"724","ACZ12","Western coast plains and ghat region","Maharashtra","27","483","Mumbai Suburban","2024-06-10",
"725","ACZ12","Western coast plains and ghat region","Maharashtra","27","665","Palghar","2024-06-10",
"726","ACZ12","Western coast plains and ghat region","Maharashtra","27","491","Raigad","2024-06-10",
"727","ACZ12","Western coast plains and ghat region","Maharashtra","27","492","Ratnagiri","2024-06-10",
"728","ACZ12","Western coast plains and ghat region","Maharashtra","27","495","Sindhudurg","2024-06-10",
"729","ACZ12","Western coast plains and ghat region","Tamil Nadu","33","587","The Nilgiris","2024-06-10",
"730","ACZ12","Western coast plains and ghat region","Tamil Nadu","33","575","Kanniyakumari","2024-06-10",
"731","ACZ13","Gujarat plains and hills region","The Dadra And Nagar Haveli And Daman And Diu","38","465","Dadra And Nagar Haveli","2024-06-10",
"732","ACZ13","Gujarat plains and hills region","The Dadra And Nagar Haveli And Daman And Diu","38","464","Diu","2024-06-10",
"733","ACZ13","Gujarat plains and hills region","The Dadra And Nagar Haveli And Daman And Diu","38","463","Daman","2024-06-10",
"734","ACZ13","Gujarat plains and hills region","Gujarat","24","449","Kachchh","2024-06-10",
"735","ACZ13","Gujarat plains and hills region","Gujarat","24","441","Banas Kantha","2024-06-10",
"736","ACZ13","Gujarat plains and hills region","Gujarat","24","455","Patan","2024-06-10",
"737","ACZ13","Gujarat plains and hills region","Gujarat","24","451","Mahesana","2024-06-10",
"738","ACZ13","Gujarat plains and hills region","Gujarat","24","447","Jamnagar","2024-06-10",
"739","ACZ13","Gujarat plains and hills region","Gujarat","24","674","Devbhumi Dwarka","2024-06-10",
"740","ACZ13","Gujarat plains and hills region","Gujarat","24","460","Surendranagar","2024-06-10",
"741","ACZ13","Gujarat plains and hills region","Gujarat","24","458","Sabar Kantha","2024-06-10",
"742","ACZ13","Gujarat plains and hills region","Gujarat","24","672","Arvalli","2024-06-10",
"743","ACZ13","Gujarat plains and hills region","Gujarat","24","446","Gandhinagar","2024-06-10",
"744","ACZ13","Gujarat plains and hills region","Gujarat","24","438","Ahmedabad","2024-06-10",
"745","ACZ13","Gujarat plains and hills region","Gujarat","24","676","Botad","2024-06-10",
"746","ACZ13","Gujarat plains and hills region","Gujarat","24","450","Kheda","2024-06-10",
"747","ACZ13","Gujarat plains and hills region","Gujarat","24","440","Anand","2024-06-10",
"748","ACZ13","Gujarat plains and hills region","Gujarat","24","454","Panch Mahals","2024-06-10",
"749","ACZ13","Gujarat plains and hills region","Gujarat","24","445","Dahod","2024-06-10",
"750","ACZ13","Gujarat plains and hills region","Gujarat","24","669","Mahisagar","2024-06-10",
"751","ACZ13","Gujarat plains and hills region","Gujarat","24","457","Rajkot","2024-06-10",
"752","ACZ13","Gujarat plains and hills region","Gujarat","24","673","Morbi","2024-06-10",
"753","ACZ13","Gujarat plains and hills region","Gujarat","24","448","Junagadh","2024-06-10",
"754","ACZ13","Gujarat plains and hills region","Gujarat","24","456","Porbandar","2024-06-10",
"755","ACZ13","Gujarat plains and hills region","Gujarat","24","675","Gir Somnath","2024-06-10",
"756","ACZ13","Gujarat plains and hills region","Gujarat","24","439","Amreli","2024-06-10",
"757","ACZ13","Gujarat plains and hills region","Gujarat","24","443","Bhavnagar","2024-06-10",
"758","ACZ13","Gujarat plains and hills region","Gujarat","24","442","Bharuch","2024-06-10",
"759","ACZ13","Gujarat plains and hills region","Gujarat","24","452","Narmada","2024-06-10",
"760","ACZ13","Gujarat plains and hills region","Gujarat","24","459","Surat","2024-06-10",
"761","ACZ13","Gujarat plains and hills region","Gujarat","24","641","Tapi","2024-06-10",
"762","ACZ13","Gujarat plains and hills region","Gujarat","24","462","Valsad","2024-06-10",
"763","ACZ13","Gujarat plains and hills region","Gujarat","24","453","Navsari","2024-06-10",
"764","ACZ13","Gujarat plains and hills region","Gujarat","24","444","Dangs","2024-06-10",
"765","ACZ13","Gujarat plains and hills region","Gujarat","24","461","Vadodara","2024-06-10",
"766","ACZ13","Gujarat plains and hills region","Gujarat","24","668","Chhotaudepur","2024-06-10",
"767","ACZ14","Western dry region","Rajasthan","8","103","Jaisalmer","2024-06-10",
"768","ACZ14","Western dry region","Rajasthan","8","93","bikaner","2024-06-10",
"769","ACZ14","Western dry region","Rajasthan","8","96","Churu","2024-06-10",
"770","ACZ14","Western dry region","Rajasthan","8","106","Jhunjhunu","2024-06-10",
"771","ACZ14","Western dry region","Rajasthan","8","773","Neem Ka Thana","2024-06-10",
"772","ACZ14","Western dry region","Rajasthan","8","114","Sikar","2024-06-10",
"773","ACZ14","Western dry region","Rajasthan","8","110","Nagaur","2024-06-10",
"774","ACZ14","Western dry region","Rajasthan","8","768","Didwana-Kuchaman","2024-06-10",
"775","ACZ14","Western dry region","Rajasthan","8","107","Jodhpur","2024-06-10",
"776","ACZ14","Western dry region","Rajasthan","8","778","Jodhpur (Gramin)","2024-06-10",
"777","ACZ14","Western dry region","Rajasthan","8","772","Phalodi","2024-06-10",
"778","ACZ14","Western dry region","Rajasthan","8","90","Barmer","2024-06-10",
"779","ACZ14","Western dry region","Rajasthan","8","775","Balotra","2024-06-10",
"780","ACZ14","Western dry region","Rajasthan","8","104","Jalore","2024-06-10",
"781","ACZ14","Western dry region","Rajasthan","8","779","Sanchore","2024-06-10",
"782","ACZ15","The Islands Region","Andaman and Nicobar islands","35","632","North And Middle Andaman","2024-06-10",
"783","ACZ15","The Islands Region","Andaman and Nicobar islands","35","602","South Andamans","2024-06-10",
"784","ACZ15","The Islands Region","Andaman and Nicobar islands","35","603","Nicobars","2024-06-10",
"785","ACZ15","The Islands Region","Lakshadweep","31","553","Lakshadweep District","2024-06-10",
"26","ACZ01","Western Himalayan Region","Himachal Pradesh","2","15","Bilaspur","2024-06-10",
"520","ACZ08","Central Plateau and Hill Region","Rajasthan","8","629","Pratapgarh","2024-06-10",
"301","ACZ05","Upper Gangetic Plains","Uttar Pradesh","9","174","Pratapgarh","2024-06-10",
"453","ACZ08","Central Plateau and Hill Region","Uttar Pradesh","9","149","Hamirpur","2024-06-10",
"413","ACZ07","Eastern Plateau and Hill Region","Chhattisgarh","22","375","Bilaspur","2024-06-10",
"302","ACZ05","Upper Gangetic Plains","Uttar Pradesh","9","120","Prayagraj","2024-06-10",
"201","ACZ04","Middle Gangetic Plains","Uttar Pradesh","9","181","Shrawasti","2024-06-10",